ID,지역코드,경찰서,주소,치안센터명
0,111261,서울강남경찰서,서울 강남구 삼성로 761,청담2치안센터
1,111261,서울강남경찰서,서울 강남구 압구정로 33길 48,압구정치안센터
2,111261,서울수서경찰서,서울 강남구 남부순환로378길29,도곡치안센터
3,111261,서울수서경찰서,서울 강남구 역삼로 117,역서치안센터
4,111261,서울수서경찰서,서울 강남구 삼성로 236,은마치안센터
5,111261,서울수서경찰서,서울 강남구 밤고개로 99,수서역치안센터
6,111274,서울강동경찰서,서울 강동구 천호동 전중로 11-14,천호2치안센터
7,111274,서울강동경찰서,서울 강동구 천호동 천호대로 159길7,천호3치안센터
8,111274,서울강동경찰서,서울 강동구 천호대로 197길 96,길동2치안센터
9,111274,서울강동경찰서,서울 강동구 올림픽로 98가길 57,암사1치안센터
10,111274,서울강동경찰서,서울 강동구 구면천로 42길 59,천호1치안센터
11,111274,서울강동경찰서,서울 강동구 천호옛길 68-1,성내2치안센터
12,111274,서울강동경찰서,서울 강동구 양재대로 138길37,명일1치안센터
13,111291,서울강북경찰서,서울 강북구 솔매로49길 14,동화치안센터
14,111291,서울강북경찰서,서울 강북구 삼양로54길 51,미아3치안센터
15,111291,서울강북경찰서,서울 강북구 도봉로39길,숭인치안센터
16,111291,서울강북경찰서,서울 강북구 삼양로678(현 컨테이너),우이치안센터
17,111291,서울강북경찰서,서울 강북구 삼양로 119길 45,수유6치안센터
18,111212,서울강서경찰서,서울 강서구 까치산로 51,화곡본동치안센터
19,111212,서울강서경찰서,서울 강서구 개화동로 275-1,개화2치안센터
20,111251,서울관악경찰서,서울 관악구 봉천로 279,보라매치안센터
21,111251,서울관악경찰서,서울 관악구 남부순환로239길 8,행운치안센터
22,111251,서울관악경찰서,서울 관악구 인헌6길 23,인헌치안센터
23,111251,서울관악경찰서,서울 관악구 신원로 311,서원치안센터
24,111251,서울관악경찰서,서울 관악구 문성로27길 12-15,신원치안센터
25,111251,서울관악경찰서,서울 관악구 참숯1길 3,청룡2치안센터
26,111251,서울관악경찰서,서울 관악구 대학길 48,대학동치안센터
27,111251,서울관악경찰서,서울 관악구 호암로 501,삼성치안센터
28,111251,서울관악경찰서,서울 관악구 청림3마길 14-1,청림치안센터
29,111251,서울관악경찰서,서울 관악구 난곡로 180-1,난곡치안센터
30,111141,서울광진경찰서,서울 광진구 자양로3가길 28,자양2치안센터
31,111141,서울광진경찰서,서울 광진구 광나루로56길 4,구의3치안센터
32,111221,서울구로경찰서,서울 구로구 경인로 577-1,구로치안센터
33,111221,서울구로경찰서,서울 구로구 신도림로 40,신도림치안센터
34,111221,서울구로경찰서,서울 구로구 구로동로 141,구로2치안센터
35,111221,서울구로경찰서,서울 구로구 중앙로 3,고척1치안센터
36,111221,서울구로경찰서,서울 구로구 고척로27길 27,개봉1치안센터
37,111221,서울구로경찰서,서울 구로구 경인로 293,개봉치안센터
38,111221,서울구로경찰서,서울 구로구 개봉로 1가길 28,개봉3치안센터
39,111221,서울구로경찰서,서울 구로구 부일로 1길 68,수궁치안센터
40,111281,서울금천경찰서,서울 금천구 문성로 38,독산3치안센터
41,111281,서울금천경찰서,서울 금천구 시흥대로 148길 21-5,독산본치안센터
42,111281,서울금천경찰서,서울 금천구 독산로50길 105,시흥4치안센터
43,111281,서울금천경찰서,서울 금천구 금하로24다길 7,시흥5치안센터
44,111281,서울금천경찰서,서울 금천구 금하로 11길 40,시흥본치안센터
45,111281,서울금천경찰서,서울 금천구 시흥대로37길 18,시흥3치안센터
46,111281,서울금천경찰서,서울 금천구 한내로 69-17,신독산치안센터
47,111311,서울노원경찰서,서울 노원구 공릉로 290,하계1치안센터
48,111311,서울노원경찰서,서울 노원구 석계로 93,월계치안센터
49,111311,서울노원경찰서,서울 노원구 초안산로 2,월계2치안센터
50,111311,서울노원경찰서,서울 노원구 마들로 55,월계3치안센터
51,111311,서울노원경찰서,서울 노원구 공릉로 189,공릉치안센터
52,111311,서울노원경찰서,서울 노원구 중계로 139,중계본치안센터
53,111311,서울노원경찰서,서울 노원구 상계로35길29,상계4치안센터
54,111311,서울노원경찰서,서울 노원구 동일로227길97,상계8치안센터
55,111171,서울도봉경찰서,서울 도봉구 방학로 12길 18,방학2치안센터
56,111152,서울동대문경찰서,서울 동대문 고미술로 93,답십리1치안센터
57,111152,서울동대문경찰서,서울 동대문 한천로11길 30,답십리2치안센터
58,111152,서울동대문경찰서,서울 동대문구 왕산로 5,신설치안센터
59,111152,서울동대문경찰서,서울 동대문구 왕산로 95,용두치안센터
60,111152,서울동대문경찰서,서울 동대문구 시립대로 14길 31,전농4치안센터
61,111152,서울동대문경찰서,서울 동대문구 한천로 10길 4,남장안치안센터
62,111152,서울동대문경찰서,서울 동대문구 장안로18길 78,장안3치안센터
63,111152,서울동대문경찰서,서울 동대문구 이문로 196,이문2치안센터
64,111152,서울동대문경찰서,서울 동대문구 망우로 20길 4,휘경2치안센터
65,111241,서울동작경찰서,서울 동작구 현충로56,노들치안센터
66,111241,서울동작경찰서,서울 동작구 현충로140-1,흑석2치안센터
67,111241,서울동작경찰서,서울 동작구 장승배기로 73,상도2치안센터
68,111241,서울동작경찰서,서울 동작구 성대로29길 61,상도4치안센터
69,111241,서울동작경찰서,서울 동작구 상도로 62길 1,상도1치안센터
70,111241,서울동작경찰서,서울 동작구 동작대로43길6,사당3치안센터
71,111241,서울동작경찰서,서울 동작구 사당로 16아길 6,사당4치안센터
72,111241,서울동작경찰서,서울 동작구 사당로 138,사당5치안센터
73,111241,서울동작경찰서,서울 동작구 여의대방로 24길 106,신대방2치안센터
74,111241,서울동작경찰서,서울 동작구 상도로 87,상도3치안센터
75,111201,서울마포경찰서,서울 마포구 환일길 3,아현치안센터
76,111201,서울마포경찰서,서울 마포구 도화길 40,도화치안센터
77,111201,서울마포경찰서,서울 마포구 대흥로 85,대흥치안센터
78,111201,서울마포경찰서,서울 마포구 신촌로18길 26,노고산치안센터
79,111201,서울마포경찰서,서울 마포구 잔다리로 6길 29,서교치안센터
80,111201,서울마포경찰서,서울 마포구 양화로 178-17,동교치안센터
81,111201,서울마포경찰서,서울 마포구 월드컵로 31길 18,망원2치안센터
82,111161,서울종암경찰서,서울 북구 화랑로 96,월곡2치안센터
83,111191,서울서대문경찰서,서울 서대문구 북아현로 59-1번지,북아현치안센터
84,111191,서울서대문경찰서,서울 서대문구 신촌로 105번지,신촌치안센터
85,111262,서울서초경찰서,서울 서초구 주흥15길 41,반포치안센터
86,111262,서울서초경찰서,서울 서초구 나루터로 38,잠원치안센터
87,111262,서울서초경찰서,서울 서초구 명달로 55,방서치안센타
88,111262,서울서초경찰서,서울 서초구 염곡말길 9,내곡치안센터
89,111262,서울서초경찰서,서울 서초구 바우뫼로 45,우면치안센터
90,111262,서울방배경찰서,서울 서초구 방배로 40,방배3치안센터
91,111262,서울방배경찰서,서울 서초구 신반포로15길 14,구반포치안센터
92,111262,서울방배경찰서,서울 서초구 방배중앙로 131,방배4치안센터
93,111142,서울성동경찰서,서울 성동구 마장로42길 11,동마치안센터
94,111142,서울성동경찰서,서울 성동구 고산자로 332,마장치안센터
95,111142,서울성동경찰서,서울 성동구 왕십리로5길 3,뚝섬치안센터
96,111142,서울성동경찰서,서울 성동구 뚝섬로 364-1,성수1치안센터
97,111142,서울성동경찰서,서울 성동구 왕십리로 341,하왕치안센터
98,111142,서울성동경찰서,서울 성동구 독서당로 286-1,금남치안센터
99,111161,서울성북경찰서,서울 성북구 성북로 4길 52,돈암치안센터
100,111161,서울성북경찰서,서울 성북구 보문로 13길 27,보문치안센터
101,111161,서울성북경찰서,서울 성북구 보문로29길 92,삼선치안센터
102,111161,서울성북경찰서,서울 성북구 정릉로 31길 30,길음1치안센터
103,111161,서울성북경찰서,서울 성북구 동소문로 258,정릉1치안센터
104,111161,서울성북경찰서,서울 성북구 정릉로 10길 44,정릉3치안센터
105,111161,서울성북경찰서,서울 성북구 보국문로 87,정릉4치안센터
106,111161,서울종암경찰서,서울 성북구 한천로76길11,석관1치안센터
107,111161,서울종암경찰서,서울 성북구 장위로 82,장위1치안센터
108,111161,서울종암경찰서,서울 성북구 한천로 701,장위3치안센터
109,111161,서울종암경찰서,서울 성북구 삼양로2길 70,길음2치안센터
110,111161,서울종암경찰서,서울 성북구 종암로 88,종암2치안센터
111,111161,서울성북경찰서,서울 성북로 25,성북1치안센터
112,111273,서울송파경찰서,서울 송파구 백제고분로 392,송파1치안센터
113,111273,서울송파경찰서,서울 송파구 백제고분로 15길 5,잠실본동치안센터
114,111273,서울송파경찰서,서울 송파구 잠실로 51-29,잠실5치안센터
115,111273,서울송파경찰서,서울 송파구 백제고분로 37길 20,석촌치안센터
116,111273,서울송파경찰서,서울 송파구 오금로 46길 55,가락2치안센터
117,111273,서울송파경찰서,서울 송파구 중대로 18,문정2치안센터
118,111273,서울송파경찰서,서울 송파구 성내천로 43가길 14-1,마천1치안센터
119,111273,서울송파경찰서,서울 송파구 풍성로 25길 17,풍납1치안센터
120,111273,서울송파경찰서,서울 송파구 송파대로 567 지하1층,월드치안센터
121,111273,서울송파경찰서,서울 송파구 성남대로 1576,장지치안센터
122,111301,서울양천경찰서,서울 양천구 목동서로 11,목6치안센터
123,111301,서울양천경찰서,서울 양천구 목동중앙본로 27길 25,목2치안센터
124,111301,서울양천경찰서,서울 양천구 목동남로93,신정7치안센터
125,111301,서울양천경찰서,서울 양천구 목동동로 152,신정2치안센터
126,111301,서울양천경찰서,서울 양천구 오목로5길 34,신월4치안센터
127,111301,서울양천경찰서,서울 양천구 가로공원로 101,신월3치안센터
128,111301,서울양천경찰서,서울 양천구목동중앙로23,목4치안센터
129,111261,서울강남경찰서,서울 영동대로 513,코엑스치안센터
130,111231,서울영등포경찰서,서울 영등포구 버드나루로 1-1,영2치안센터
131,111231,서울영등포경찰서,서울 영등포구 도신로 29길 13,도림치안센터
132,111231,서울영등포경찰서,서울 영등포구 신길로 179-2,신길3치안센터
133,111231,서울영등포경찰서,서울 영등포구 신길로 23길 12,신길5치안센터
134,111231,서울영등포경찰서,서울 영등포구 선유로 53길 23,양평2치안센터
135,111131,서울용산경찰서,서울 용산구 청파로 274-2,청파치안센터
136,111131,서울용산경찰서,서울 용산구 한강대로 102길11-5,남영치안센터
137,111131,서울용산경찰서,서울 용산구 신흥로 90,용산치안센터
138,111131,서울용산경찰서,서울 용산구 이태원로 281,한남2치안센터
139,111131,서울용산경찰서,서울 용산구 이촌로71길 24,이촌치안센터
140,111181,서울서부경찰서,서울 은평구 은평로 28,신사1치안센터
141,111181,서울서부경찰서,서울 은평구 증산서길 82,증산치안센터
142,111181,서울서부경찰서,서울 은평구 수색로 261,수색치안센터
143,111181,서울서부경찰서,서울 은평구 가좌로7라길 1,응암4치안센터
144,111181,서울은평경찰서,서울 은평구 불광로 129,불광1치안센터
145,111181,서울은평경찰서,서울 은평구 통일로 914,불광2치안센터
146,111181,서울은평경찰서,서울 은평구 갈현로 151,구산치안센터
147,111181,서울은평경찰서,서울 은평구 갈현로 41길 3,갈현치안센터
148,111181,서울은평경찰서,서울 은평구 진관2로 125,신도치안센터
149,111181,서울은평경찰서,서울 은평구 진관4로 48-25,상림치안센터
150,111181,서울은평경찰서,서울 은평구 연서로6길 19,역촌1치안센터
151,111123,서울종로경찰서,서울 종로구 비봉길 13,구기치안센터
152,111123,서울혜화경찰서,서울 종로구 돈화문로 28,종로3가치안센터
153,111121,서울중부경찰서,서울 중구 동호로 14길 18,다산치안센터
154,111121,서울중부경찰서,서울 중구 을지로 281,DDP치안센터
155,111121,서울중부경찰서,서울 중구 충무로2길 39,충4치안센터
156,111151,서울중랑경찰서,서울 중랑구 용마산로118길 103,망우1치안센터
157,111151,서울중랑경찰서,서울 중랑구 용마공원로5길 13,망우3치안센터
158,111151,서울중랑경찰서,서울 중랑구 답십리로 75길 61,면목4치안센터
159,111151,서울중랑경찰서,서울 중랑구 면목로 275,면목7치안센터
160,111151,서울중랑경찰서,서울 중랑구 봉우재로6길 5,면목2치안센터
161,111151,서울중랑경찰서,서울 중랑구 봉우재로 93-5,상봉2치안센터
162,111151,서울중랑경찰서,서울 중랑구 면목로66길 7,면목1치안센터
163,111151,서울중랑경찰서,서울 중랑구 용마산로 370,면목8치안센터
164,111151,서울중랑경찰서,서울 중랑구 동일로 792,중화1치안센터
