ID,지역코드,주소
0,111261,서울특별시 강남구 역삼동 703-8번지
1,111261,서울특별시 강남구 역삼1동 825-20번지
2,111261,강남구 선릉로10길 4
3,111261,서울시 강남구 대치동 891-42번지
4,111261,서울시 강남구 대치동 943-24번지 110호
5,111261,서울시 강남구 대치동 961-13번지
6,111261,서울시 강남구 대치동 932-36 (삼성로63길 5 예영빌딩 1층)
7,111261,서울특별시 강남구 대치동 907번지 한협빌딩 101호
8,111261,서울시 강남구 대치동 889-75번지
9,111261,서울특별시 강남구 역삼동 708-26번지 SK허브오피스텔
10,111261,서울특별시 강남구 삼성동 37-16번지
11,111261,서울특별시 강남구 신사동 613-3번지
12,111261,서울시 강남구 역삼동 774-4번지 가화주택 101호
13,111261,서울특별시 강남구 역삼동 788-26번지
14,111261,서울시 강남구 역삼동 722번지 경남아너스빌 상가 101호
15,111261,서울시 강남구 역삼동 835-6번지 송현빌딩 주 1층 1동
16,111261,서울시 강남구 역삼동 689-34번지
17,111261,서울특별시 강남구 역삼동 736-24번지 엘지에클라트 101호
18,111261,서울특별시 강남구 역삼동 735-11번지 101호
19,111261,서울특별시 강남구 역삼동 705번지
20,111261,서울특별시 강남구 역삼동 837-2번지
21,111261,서울시 강남구 역삼동 735-32번지
22,111261,서울특별시 강남구 역삼동 761-2번지
23,111261,서울특별시 강남구 역삼동 837-8번지
24,111261,서울특별시 강남구 역삼동 627번지
25,111261,서울특별시 강남구 역삼동 797-16번지
26,111261,서울특별시 강남구 역삼동 790-20번지
27,111261,서울특별시 강남구 역삼동 677-25번지
28,111261,서울특별시 강남구 역삼동649-4번지
29,111261,서울특별시 강남구 도곡동543-7번지 도곡1차아이파크아파트
30,111261,서울특별시 강남구 논현동203-1번지
31,111261,서울특별시 강남구 논현동118번지
32,111261,서울특별시 강남구 대치동921-17번지
33,111261,서울특별시 강남구 역삼동730-13번지
34,111261,서울특별시 강남구 논현동192-19번지
35,111261,서울 강남구 삼성동 143-28 동원빌딩
36,111261,서울 강남구 삼성동 166-7건호빌딩
37,111261,"서울 강남구 봉은사로37길 13, 1층 (논현동 232-5)"
38,111261,"서울시 강남구 논현동 229-26(논현로114길 11,  B1호, 혜광빌딩)"
39,111261,서울 강남구 도곡동 411-16
40,111261,"서울 강남구 남부순환로365길 56, 104호 (도곡동 895-4)"
41,111261,서울 강남구 삼성로119길 37(삼성2동 26-17)
42,111261,서울 강남구 논현로153길 46(신사동 555-13)
43,111261,서울 강남구 역삼동 789-30번지
44,111261,"서울 강남구 도곡로21길 18 (역삼1동 796-26, 삼정빌딩)"
45,111261,서울 강남구 청담동 16-19 1층 101호
46,111261,서울 강남구 청담동 21-9
47,111261,서울시 강남구 개포동 1255-6
48,111261,"서울 강남구 테헤란로77길 7(삼성2동 143-28, 동원빌딩)"
49,111261,"서울 강남구 강남대로 708, 1층 (압구정동 386-1, 한남대교레인보우카폐)"
50,111261,"서울 강남구 테헤란로33길 7, 1층 A호(역삼1동 678-28)"
51,111261,서울 강남구 테헤란로37길 41 (역삼1동 673-18)
52,111261,"서울 강남구 자곡동 강남보금자리주택지구A6BL상가B01,B02"
53,111261,"서울 강남구 삼성로145길 16, 1층 (청담동 7-9, 청원빌딩)"
54,111261,서울 강남구 강남대로110길 26 (역삼동 811-4)
55,111261,"서울 강남구 개포로22길 40, 1층 (개포4동 1219-5)"
56,111261,서울 강남구 개포로25길 15(개포4동 1255-6)
57,111261,"서울 강남구 개포로 508, 109호,110호 (개포2동 186-15, 소망빌딩)"
58,111261,"서울 강남구 언주로147길 10, 1층 (논현동 63-19)"
59,111261,"서울 강남구 논현로8길 21, 1층 (개포동 1187-6)"
60,111261,서울 강남구 봉은사로26길 26 (역삼동 608-12)
61,111261,서울 강남구 테헤란로63길 17 (삼성동 140-35)
62,111261,서울 강남구 개포로20길 12(개포4동 1232)
63,111261,"서울 강남구 일원로5길 6, 1층 (일원1동 682)"
64,111261,"서울 강남구 봉은사로30길 78, 1층 (역삼동 668-21)"
65,111261,"서울 강남구 테헤란로2길 27, 13층(역삼1동 826-26, 비전타워)"
66,111261,"서울 강남구 논현로93길 3, 1층 (역삼동 642-5, 호양빌딩)"
67,111261,서울 강남구 논현로146길 11(논현2동 66-35)
68,111261,서울 강남구 논현동 195-1외2필지논현이편한세상
69,111261,서울 강남구 논현동 254-22번지 1층
70,111261,서울 강남구 논현로63길 19(역삼1동 798-29)
71,111261,"서울 강남구 논현로72길 13, 1층 (역삼동 769-8, MSPACE빌딩)"
72,111261,"서울 강남구 테헤란로38길 6 (역삼2동 719-21, MeMo빌딩)"
73,111261,서울 강남구 언주로108길 6 (역삼1동 688-1)
74,111261,"서울 강남구 삼성로107길 31, 1층 (삼성동 123-4)"
75,111261,"서울 강남구 역삼로3길 10, 1층 (역삼동 830-28)"
76,111261,서울시 강남구 개포동 12-4
77,111261,서울시 강남구 개포동(개포4동) 1192-4
78,111261,서울시 강남구 논현동 158-8
79,111261,서울시 강남구 논현동 175-1
80,111261,서울시 강남구 논현동 183-11
81,111261,서울시 강남구 논현동 248-2
82,111261,서울시 강남구 논현동 278-19
83,111261,서울시 강남구 논현동 86-4
84,111261,서울시 강남구 대치동  891-26 대우아이빌
85,111261,서울시 강남구 대치동 891-6
86,111261,서울시 강남구 대치동 943-24
87,111261,서울시 강남구 대치동 946
88,111261,서울시 강남구 대치동(대치1동) 651
89,111261,서울시 강남구 대치동(대치1동) 670-1
90,111261,서울시 강남구 대치동(대치4동) 890-59
91,111261,서울시 강남구 대치동(대치4동) 894-5
92,111261,서울시 강남구 대치동(대치4동) 940-6
93,111261,서울시 강남구 도곡동(도곡1동) 942-11
94,111261,서울시 강남구 삼성동 140-3
95,111261,서울시 강남구 삼성동 36-25
96,111261,서울시 강남구 삼성동(삼성1동) 160-22
97,111261,서울시 강남구 삼성동(삼성1동) 65
98,111261,"서울시 강남구 수서동 713, 현대벤처10호"
99,111261,서울시 강남구 신사동  610-4(압구정로 30길 18)
100,111261,서울시 강남구 신사동 577
101,111261,서울시 강남구 신사동 590-22
102,111261,서울시 강남구 신사동 636-2
103,111261,서울시 강남구 신사동 653-18
104,111261,서울시 강남구 신사동 657-28
105,111261,서울시 강남구 역삼동 659-20
106,111261,서울시 강남구 역삼동(역삼1동) 643-10
107,111261,서울시 강남구 역삼동(역삼1동) 700-29
108,111261,서울시 강남구 역삼동(역삼1동) 827-70
109,111261,서울시 강남구 역삼동(역삼1동) 831-3
110,111261,서울시 강남구 역삼동(역삼2동) 719-9
111,111261,서울시 강남구 역삼동(역삼2동) 720-25
112,111261,서울시 강남구 일원동 700-10
113,111261,서울시 강남구 청담동(청담동) 124-4
114,111261,서울시 강남구 청담동(청담동) 21-17
115,111261,서울시 강남구 삼성동 152
116,111261,서울시 강남구 역삼동 816-4 강남대로96길 5
117,111261,개포동 168-11
118,111261,개포3동 186-17
119,111261,논현동 203-1 거평오피스탈 1층 3호
120,111261,서울시 강남구 논현1동 139
121,111261,논현동 113-16
122,111261,서울 강남구 논현동 273-13
123,111261,대치1동 919-16
124,111261,서울시 강남구 대치2동 894-3 동아빌딩
125,111261,서울시 강남구 대치동 888-1 상가동 104호
126,111261,서울 강남구 대치동 960-15번지
127,111261,대치동 511
128,111261,도곡동 900-2
129,111261,서울 강남구 삼성동 27-17
130,111261,삼성동 41-21
131,111261,"삼성동 7-2 레미안아파트 상가 101, 102호"
132,111261,포이동 196
133,111261,"신사동 638-2, 3"
134,111261,서울 강남구 역삼동 773번지
135,111261,서울시 강남구 역삼동 813-18
136,111261,서울특별시 강남구 역삼2동 708-34 유화빌딩 1층
137,111261,역삼동 739 건영빌딩 1층
138,111261,역삼동 827-44
139,111261,청담동72-3
140,111261,서울 강남구 테헤란로68길 33
141,111261,서울 강남구 개포로28길 15 1층
142,111261,서울 강남구 선릉로 641 우암빌딩
143,111261,서울 강남구 언주로 517 102호/202호
144,111261,서울 강남구 언주로 79길 33
145,111261,서울시 강남구 삼성동 106-6
146,111274,서울특별시 강동구 강일동 670번지 강일리버파크5단지아파트 상가
147,111274,서울 강동구 길동 412-8
148,111274,서울시 강동구 천호예12길18
149,111274,서울특별시 강동구 암사동442-1번지 한강현대아파트
150,111274,구천면로33길 11
151,111274,"서울 강동구 고덕로20마길 29, 1층 (암사1동 469-30)"
152,111274,서울 강동구 동남로81길 44(고덕1동 503)
153,111274,"서울 강동구 진황도로 100,  외1필지 1층 108호(길동 456-2, 길동하이브)"
154,111274,서울 강동구 천호대로198길 32(둔촌2동 611-1)
155,111274,"서울 강동구 풍성로37길 41, 1층 (성내2동 139-4)"
156,111274,"서울 강동구 성안로13길 38, 1층 101호 (성내2동 505-4)"
157,111274,"서울 강동구 천호대로170길 66, 1층 (성내동 501-21)"
158,111274,"서울 강동구 양재대로95길 47, 1층 (성내3동 410-4)"
159,111274,"서울 강동구 천호대로168길 25 (성내동 196-8, 코오롱아파트)"
160,111274,서울 강동구 암사동 478 1층
161,111274,"서울 강동구 올림픽로98길 50, 1층 코너(암사1동 496-11)"
162,111274,서울 강동구 암사동 422-13
163,111274,"서울 강동구 구천면로47가길 33, 1층 (암사1동 490-29)"
164,111274,"서울 강동구 고덕로27길 28, 현대@상가101,2호(암사3동 400-5)"
165,111274,강동구 길동 393-7
166,111274,"서울 강동구 천중로17길 28, 1층(천호2동 301)"
167,111274,"서울 강동구 올림픽로 651, 1층(천호2동 431-4, 예경빌딩)"
168,111274,"서울 강동구 천중로35길 66, 1층(천호1동 48-1)"
169,111274,서울 강동구 천호동 112-5 1층
170,111274,"서울 강동구 양재대로 1367, 103호 (성내3동 416-4)"
171,111274,"서울 강동구 명일로 275, 1층 (길동 48)"
172,111274,서울특별시 강동구 천호동(천호2동) 416-19
173,111274,서울특별시 강동구 길동(길동) 470-1
174,111291,서울특별시 강북구 미아동 734-286번지
175,111291,서울특별시 강북구 미아동 138-68번지 미아대양점
176,111291,서울특별시 강북구 미아동 450-64번지
177,111291,서울특별시 강북구 미아동 838-8번지
178,111291,서울특별시 강북구 미아동 8-144번지
179,111291,"서울 강북구 한천로120길 2, 제103호,104호"
180,111291,서울특별시 강북구 미아동 791-1622번지
181,111291,서울특별시 강북구 번동 461-80번지
182,111291,서울특별시 강북구 수유동 468-78번지
183,111291,서울특별시 강북구 수유동 281-40번지
184,111291,서울 강북구 도봉로67길 50(삼양동 791-17)
185,111291,서울 강북구 수유동 409 창성빌딩
186,111291,"서울 강북구 도봉로83길 20, 1층, 102,103,104호  (수유동 229-18, 동양빌딩)"
187,111291,서울 강북구 노해로27길 21 (수유동 252-40)
188,111291,서울특별시 강북구 미아동(미아동) 217-2
189,111291,서울특별시 강북구 미아동(삼각산동) 693
190,111291,서울특별시 강북구 번동(번1동) 446-1
191,111291,서울특별시 강북구 번동(번1동) 447-51
192,111291,서울특별시 강북구 수유동(수유3동) 1-60
193,111291,서울특별시 강북구 수유동(수유3동) 223-1
194,111291,서울특별시 강북구 수유동(수유3동) 230-7
195,111291,서울특별시 강북구 번동(번1동) 412-52
196,111291,서울특별시 강북구 삼양로19길 25 107동 지하 1층 3-2호
197,111291,번동526-13
198,111291,수유동 338-6
199,111291,수유동 410-130
200,111291,수유동 730 수유삼성아파트 가동 112호
201,111291,서울특별시 강북구 수유동 36-1번지 1층
202,111291,수유동 252-122
203,111291,미아3동160-11
204,111291,수유동 47-4
205,111291,미아동 162-48
206,111291,번동 464-1번지 1층 1호
207,111291,서울시 강북구 삼양로 73길 36 (수유동)
208,111291,서울 강북구 수유동 50-1
209,111291,서울시 강북구 삼양로 24길 19 101동 상가 103호
210,111291,서울시 강북구 미아동 304-20
211,111212,서울특별시 강서구 가양동 116-2번지
212,111212,서울특별시 강서구 등촌동 631번지 103호
213,111212,서울시 강서구 강서로48길 21(내발산동 676-11)
214,111212,서울시 강서구 화곡3동 1036-35
215,111212,서울특별시 강서구 화곡동 986-1번지
216,111212,서울시 강서구 곰달래로53길 121 1층
217,111212,"서울 강서구 공항대로45가길 11, 1층 101호 (등촌1동 656-52, 강서메트로칸)"
218,111212,서울 강서구 방화동 559-5
219,111212,"서울 강서구 강서로47길 108,  102호(내발산동 742, 수명산파크1단지)"
220,111212,"서울 강서구 공항대로65길 26, 1층 105호 (염창동 275-8, 태산빌딩)"
221,111212,서울 강서구 강서로8길 200 (화곡4동 791-12)
222,111212,"서울 강서구 가로공원로 188, 1층 (화곡1동 372-2)"
223,111212,"서울 강서구 곰달래로49길 112, 1층 (화곡4동 465-8)"
224,111212,서울 강서구 화곡동 981-15 1층
225,111212,"서울 강서구 강서로18바길 2,  101호(화곡8동 155-28, 다솜하우스)"
226,111212,서울 강서구 화곡동 404-6 1층
227,111212,"서울 강서구 가로공원로76길 100, 1층(화곡1동 359-54)"
228,111212,서울 강서구 화곡동 1098-9 1층
229,111212,서울 강서구 화곡동 504-87 지층
230,111212,"서울 강서구 양천로6길 57, 상가동 101호 (방화2동 874, e편한세상아파트)"
231,111212,"서울 강서구 양천로 401, A동 103호 (가양동 1498, 강서한강자이타워)"
232,111212,"서울 강서구 방화대로6라길 26, 1층 (공항동 1349)"
233,111212,서울특별시 강서구 화곡동(화곡1동) 898-1
234,111212,서울특별시 강서구 화곡동(화곡1동) 902-10
235,111212,서울특별시 강서구 화곡동(화곡본동) 98-253
236,111212,등촌동647-40
237,111212,등촌동366-137
238,111212,등촌동696-1 새한프라자101호
239,111212,공항동 1354-6
240,111212,"방화3동 831번지 105,106호"
241,111212,방화동 830
242,111212,화곡동55-88
243,111212,서울특별시 강서구 화곡동 70-33
244,111212,화곡동353-1
245,111212,서울시 강서구 등촌동 683번지
246,111212,서울시 강서구 공항대로 41길 76 104호
247,111251,서울특별시 관악구 봉천동 1685-29번지
248,111251,관악구 신림동 1457-1
249,111251,서울특별시 관악구 신림동 1559-20번지
250,111251,"관악로29길 6-14(구,봉천동 7-74)"
251,111251,관악구 조원동 533-26 1층
252,111251,관악구 양지5길 2 1층
253,111251,관악구 남부순환로 1536
254,111251,서울특별시 관악구 봉천동 1632-10번지
255,111251,서울특별시 관악구 신림동 1564-55번지
256,111251,서울 관악구 관악로17길 25(청룡동 876-1)
257,111251,"서울 관악구 관악로 125, 상가 101호 (청룡동 1591-2, 삼우아파트)"
258,111251,서울 관악구 봉천동 878-1 지층 B01호
259,111251,"서울 관악구 관악로30길 17, 1층(청림동 16-6)"
260,111251,서울 관악구 남현동 602-11
261,111251,"서울 관악구 봉천동 1687-28,29"
262,111251,서울 관악구 남현동 602-38 1층
263,111251,"서울 관악구 은천로 143,  105호(봉천동 1719-1, 동부상가)"
264,111251,"서울 관악구 봉천로21나길 35, 1층 101호 (보라매동 649-54, 전망좋은집)"
265,111251,서울 관악구 관악로14가길 45(낙성대동 1617-1)
266,111251,서울 관악구 봉천로6길 30
267,111251,서울 관악구 남부순환로 1578(신원동 1587-2)
268,111251,서울 관악구 신림로 304(서원동 1641-38)
269,111251,서울 관악구 봉천동 180-205 1층
270,111251,"서울 관악구 난곡로 288, ,1,2층 (미성동 1567-1, 남진빌딩)"
271,111251,서울 관악구 봉천동  930-39
272,111251,서울 관악구 신림동  1641-99
273,111251,서울시 관악구 관악로 15길 39  (봉천동  877-1)
274,111251,서울 관악구 신림동  1424-4 1층
275,111251,서울시 관악구 난곡로 348 (신림동  514-20)
276,111251,서울시 관악구 봉천로214 (신림동  1444-1)
277,111251,봉천동 1598-1
278,111251,봉천동 913-1
279,111251,봉천동 870-10 해주타워 1층
280,111251,봉천동 862-9
281,111251,봉천동 868-1
282,111251,서울특별시 관악구 신림동 1531-1
283,111251,신림동 511-4
284,111251,봉천동950-25
285,111251,서울시 관악구 신림로97 가동
286,111251,서울시 관악구 호암로24길 56 1층(신림동)
287,111251,서울시 관악구 신림동 1438-1
288,111251,서울시 관악구 신림동 1655-2
289,111141,서울특별시 광진구 능동로13길 69(화양동 33-40)
290,111141,서울특별시 광진구 화양동23-7(동일로 174 )
291,111141,서울특별시 광진구 군자동 98번지 세종대학 생 학생회관 내
292,111141,서울특별시 광진구 중곡동121-43번지
293,111141,서울시 광진구 면목로17길 6(중곡동 559-4)
294,111141,서울특별시 광진구 광장동 285-7번지
295,111141,서울시 광진구 구의동 239-107
296,111141,서울특별시 광진구 구의동 246-14번지 크레신타워3차
297,111141,서울특별시 광진구 자양동 606-17번지
298,111141,서울특별시 광진구 자양동 792번지 자양현대홈타운10차아파트 현대홈타운 상가동 101호
299,111141,서울 광진구 동일로18길 11(자양4동)
300,111141,서울 광진구 광나루로24길 14(화양동 495-17)-인서점 옆
301,111141,"서울 광진구 능동로13길 15, 1층(화양동 11-1)"
302,111141,"서울 광진구 군자로3길 14, 1층(화양동 15-20)"
303,111141,서울 광진구 군자로 141(군자동 48-24)
304,111141,"서울 광진구 자양로51길 22, 1층 (구의동 28-40, 성보빌딩)"
305,111141,"서울 광진구 아차산로39길 16, 1층(자양1동 225-90)"
306,111141,서울 광진구 자양동 631번지
307,111141,광진구 아차산로 502 (광장동)
308,111141,광진구 아차산로51길 62 (구의1동)
309,111141,광진구 뚝섬로 644 (자양2동)
310,111141,광진구 (자양3동) 427-13
311,111141,광진구 (자양3동) 427-28
312,111141,광진구 (자양4동) 99-2
313,111141,서울 광진구 능동로 143(화양동 3-21)
314,111141,서울 광진구 동일로22길 59(화양동 47-67)
315,111141,서울특별시 광진구 자양로 281 누리빌딩1층
316,111141,서울시 광진구 능동로 442 (중곡3동)
317,111141,서울시 광진구 용마산로8가길 25 (중곡4동)
318,111141,서울시 광진구 강변역로 50 (구의3동)
319,111221,서울특별시 구로구 오류동 46-1번지 이좋은집
320,111221,서울특별시 구로구 구로동 235번지
321,111221,서울특별시 구로구 구로동1128-3번지
322,111221,서울특별시 구로구 구로동197-13번지 이앤씨벤처드림타워5차
323,111221,서울특별시 구로구 구로동197-12번지
324,111221,서울 구로구 고척로33길 60 (고척2동 241-129)
325,111221,서울 구로구 구로동 615-3 STX-W타워 103호
326,111221,서울 구로구 우마길 1 (가리봉동 122-21)
327,111221,서울 구로구 고척로19길 16(개봉1동 62-19)
328,111221,"서울 구로구 디지털로32가길 72, 101호 (구로3동 1129-18)"
329,111221,서울 구로구 신도림동 399 기임빌딩 101
330,111221,서울 구로구 구로동 685-215 상가동 103
331,111221,서울 구로구 신도림동 641 1층 (現현대마트)
332,111221,서울 구로구 공원로6가길 52(구로5동 33-1)
333,111221,"서울 구로구 오류로8길 6, 다동 102호 (오류2동 156-100, 새마을금고회관)"
334,111221,서울 구로구 경인로15길 80-4 (오류1동 4-1)
335,111221,서울 구로구 디지털로 300 (구로3동 188-25)
336,111221,"서울 구로구 경인로 662, 지하1층 편의점"
337,111221,"서울 구로구 경인로 661, 154호"
338,111221,"서울 구로구 신도림로 16,  101호(신도림동 642, 대림2차)"
339,111221,"서울 구로구 경인로35길 38, 1층 (개봉동 149-20)"
340,111221,"서울 구로구 경인로43길 18, 1층"
341,111221,"서울 구로구 경인로40길 41, 107호"
342,111221,"서울 구로구 경인로 661, 1104호"
343,111221,서울 구로구 경인로47길 10
344,111221,서울특별시 구로구 오류동(오류2동) 183-8
345,111221,서울특별시 구로구 구로동(구로2동) 84
346,111221,서울특별시 구로구 구로동(구로3동) 1124-44
347,111221,서울특별시 구로구 구로동(구로3동) 1128-3
348,111221,서울특별시 구로구 구로동(구로3동) 222-8
349,111221,서울특별시 구로구 구로동(구로3동) 235-2
350,111221,"서울 구로구 구일로10길 49 (구로동, 다원그린빌)102-2호"
351,111221,고척동339-1
352,111221,서울시 구로구 중앙로 14길 31
353,111221,서울시 구로구 구일로 110
354,111281,서울특별시 금천구 가산동 147-7번지
355,111281,서울특별시 금천구 독산동 988-13번지
356,111281,서울특별시 금천구 시흥동 839번지
357,111281,서울특별시 금천구 가산동60-44번지 이엔씨드림타워7차아파트 104호
358,111281,서울특별시 금천구 독산동910-6번지
359,111281,"서울 금천구 독산로29길 13, 1층 (시흥1동 844-31)"
360,111281,서울 금천구 독산로106길 19 (독산3동 878-41)
361,111281,서울 금천구 가산로5길 66(가산동 236-10)
362,111281,서울 금천구 독산동 286-8 13번지
363,111281,서울 금천구 독산동 144-49
364,111281,서울 금천구 가산동 680우림라이온스밸리2차113
365,111281,서울 금천구 독산동 196-21 1층
366,111281,"서울 금천구 금하로24가길 4, 1층(시흥5동 915)"
367,111281,서울특별시 금천구 가산동(가산동) 60-25
368,111281,서울 금천구 가산동  345-90
369,111311,서울특별시 노원구 공릉동 408-4번지
370,111311,서울특별시 노원구 공릉동 568-1번지
371,111311,서울특별시 노원구 상계동 443-9번지
372,111311,서울특별시 노원구 상계동 763-6번지
373,111311,서울특별시 노원구 상계동 994번지 명안빌딩
374,111311,"서울특별시 노원구 상계동 단대아파트상가 107, 108호"
375,111311,서울 노원구 공릉동 120-5
376,111311,서울특별시 노원구 상계동 1120-1번지
377,111311,서울 노원구 한글비석로 8길 41 주공아파트 1층 101호
378,111311,서울시 노원구 하계1동 170-41
379,111311,서울특별시 노원구 하계동 256-13번지
380,111311,서울특별시 노원구 상계동1008-34번지
381,111311,서울 노원구 월계동 68-65 1층
382,111311,"서울 노원구 상계로23다길 13-8, 101동 118,119호(상계2동 1318, 노원아이파크)"
383,111311,서울 노원구 노원로28길 73(상계2동 183)
384,111311,"서울 노원구 동일로237길 46, 1층(상계1동 1048-6)"
385,111311,"서울 노원구 월계로45길 28, 1층(월계2동 562, 월계아파트형공장)"
386,111311,"서울 노원구 동일로190길 26, 1층 (공릉1동 502-3)"
387,111311,"서울 노원구 마들로3길 37,  104호(월계3동 322-1, 성원아파트4단지)"
388,111311,"서울 노원구 섬밭로 134(공릉1동 727, 풍림아파트114동105호,106호)"
389,111311,서울 노원구 한글비석로20길 46(중계4동 138-1)
390,111311,서울특별시 노원구 공릉동 공릉로38길 17
391,111311,공릉동 633-15
392,111311,월계동411-13
393,111311,서울특별시 노원구 한글비석로 436-1
394,111311,상계동322-56
395,111311,"서울특별시 노원구 동일로217가길 11 102,103호"
396,111311,서울특별시 노원구 상계동  711-13 제1층중1층
397,111311,상계동 323-9
398,111311,서울 노원구 상계동 상계로 283 (1층상가)
399,111311,상계동 735-6
400,111311,서울특별시 노원구 덕릉로60길 234
401,111311,중계동362-3 중계8단지주공@ 상가동 105호
402,111311,중계동366-6
403,111311,중계동359-15 102호
404,111171,서울특별시 도봉구 쌍문동 423-7번지
405,111171,서울특별시 도봉구 도봉동 554-16번지 호정빌라트
406,111171,서울특별시 도봉구 방학동 619번지
407,111171,서울특별시 도봉구 쌍문동 460-234번지
408,111171,서울특별시 도봉구 쌍문동 79-15번지
409,111171,서울특별시 도봉구 쌍문동 294-38번지
410,111171,서울특별시 도봉구 쌍문동 122-53번지
411,111171,도봉구 해등로25길 32 한양프라자
412,111171,서울특별시 도봉구 창동 254-23번지
413,111171,서울특별시 도봉구 창동 674-27번지
414,111171,서울특별시 도봉구 창동 603-73번지
415,111171,서울특별시 도봉구 창동 5-1번지 KING프라자
416,111171,서울특별시 도봉구 창동 815번지 현대아이2차아파트
417,111171,서울 도봉구 방학2동 603-28
418,111171,서울 도봉구 쌍문동 667 1층
419,111171,서울 도봉구 도봉로 106길 86
420,111171,"서울 도봉구 도당로 133, 1층 (방학동 657-12)"
421,111171,"서울 도봉구 시루봉로 88, 14(쌍문4동 248-2, 성원프라자)"
422,111171,도봉구 방학동 도당로27길 43 1층
423,111171,서울특별시 도봉구 도봉산길 12
424,111171,서울특별시 도봉구 도봉로108길 84  1층(창동)
425,111171,방학동 665
426,111171,쌍문동 713-31
427,111171,쌍문동344
428,111171,서울 도봉구 창동 38-2
429,111171,창동 593-12
430,111171,서울시 도봉구 쌍문동 423-19번지
431,111171,서울시 도봉구 쌍문동 우이천로 367
432,111152,서울특별시 동대문구 용두동 52-1번지
433,111152,서울특별시 동대문구 용두동 24-1번지 2호
434,111152,서울특별시 동대문구 제기동 137-45번지
435,111152,서울시 동대문구 회기로14 어진재 1층 101호
436,111152,서울특별시 동대문구 답십리동 765번지
437,111152,서울특별시 동대문구 답십리동 497-1번지
438,111152,서울특별시 동대문구 신설동 98-32번지 교보재단빌딩
439,111152,서울특별시 동대문구 신설동 97-8번지 102호
440,111152,"서울특별시 동대문구 천호대로27길 8-5, (용두동) 1층"
441,111152,서울특별시 동대문구 용두동 233-14번지
442,111152,서울특별시 동대문구 용두동 730-1번지
443,111152,서울특별시 동대문구 용두동 792-3번지 삼성래미안허브리츠단지 상가 101호
444,111152,서울 동대문구 이문동 299-7
445,111152,서울특별시 동대문구 장안동 385-1번지
446,111152,서울시 동대문구 제기로6길 4(제기동 138-14)
447,111152,서울특별시 동대문구 휘경동 319-13번지
448,111152,서울특별시 동대문구 장안동466-5번지 장안푸르미에
449,111152,서울특별시 동대문구 용두동102-117번지
450,111152,"서울 동대문구 한천로17길 23, 1층(답십리2동 4-73)"
451,111152,서울 동대문구 천호대로31길 50(용두동 39-419)
452,111152,서울 동대문구 장안동 305-1
453,111152,서울 동대문구 장한로6길 42(장안1동 459-1)
454,111152,"서울 동대문구 장한로17길 9 (장안1동 375-8, 장안동공감대빌딩)"
455,111152,"서울 동대문구 사가정로13가길 29, 1층(전농2동 53-21)"
456,111152,"서울 동대문구 제기로20길 32, 정화슈퍼(제기동 314)"
457,111152,"서울 동대문구 경희대로 23, 문화복지시설 101호 (회기동 1-5, 전면플라자)"
458,111152,서울 동대문구 장한로17길 9
459,111152,서울 동대문구 한빛로 24(신설동 25-1)
460,111152,서울 동대문구 고산자로28길 39
461,111152,서울 동대문구 장한로6길 42
462,111152,서울 동대문구 전농로38길 89 (휘경동 312-11)
463,111152,서울특별시 동대문구 장안동(장안1동) 374-11
464,111152,서울특별시 동대문구 장안동(장안1동) 384-3
465,111152,서울특별시 동대문구 장안동(장안1동) 403-1
466,111152,서울특별시 동대문구 회기동(회기동) 39-4
467,111152,서울 동대문구 휘경동 57-3 주공아파트 상가 103호
468,111152,서울 동대문구 회기동 16-92
469,111152,이문2동 264-326
470,111152,제기동137-37
471,111152,서울특별시 동대문구 장한로22길 19  (장안동)
472,111152,서울 동대문구 답십리동 244-1
473,111152,서울특별시 동대문구 이문로 203  1층
474,111152,서울 동대문구 신설동 76-25
475,111152,서울 동대문구 제기동 1158-33
476,111152,서울특별시 동대문구 이문동 82-13
477,111152,서울특별시 동대문구 장한로 91  1층 109호(장안동 373-3)
478,111152,장안동359-1
479,111152,서울특별시 동대문구 장안동 천호대로79길 30 1층
480,111152,서울 동대문구 전농동 645상가 101.102
481,111152,서울시 동대문구 이문동 346-5
482,111241,서울특별시 동작구 노량진1동 50-2번지 원남빌딩
483,111241,서울특별시 동작구 노량진동 244-67번지
484,111241,서울특별시 동작구 노량진동 244-12번지
485,111241,서울특별시 동작구노량진동 71-4 이데아빌딩 1층
486,111241,"서울특별시 동작구 노량진동 2층 2동 201호,202호"
487,111241,서울특별시 동작구 상도동 450번지 상도동래미안1차아파트 상가동
488,111241,서울특별시 동작구 상도동 211-225번지
489,111241,서울특별시 동작구 상도동 208-14 1층
490,111241,서울특별시 동작구 상도1동 312 1층
491,111241,서울특별시 동작구 대방동(대방동) 393-65
492,111241,서울특별시 동작구 대방동(대방동) 400-3
493,111241,서울특별시 동작구 대방동 37-2
494,111241,서울특별시 동작구 대방동 376-5
495,111241,서울특별시 동작구 동작동 102-31번지 환빌딩 B
496,111241,서울특별시 동작구 사당동 71-1번지
497,111241,서울특별시 동작구 동작대로17길 10(사당1동 1005-54)
498,111241,"서울특별시 동작구 동작대로35길 18, 1층 (사당동 39-18)"
499,111241,"서울특별시 동작구 현충로 257, 431-02호  (동작동 327-1, 4호선 동작역 Dongjak s.t)"
500,111241,서울특별시 동작구 사당동(사당1동) 1030-10
501,111241,서울특별시 동작구 사당로23길 2  1층(사당동)
502,111241,서울특별시 동작구 사당동 202-28
503,111241,서울특별시 동작구 사당동 272-38
504,111241,서울특별시 동작구 사당동67-6
505,111241,서울특별시 동작구 사당동1132
506,111241,서울특별시 동작구 신대방동360-115번지
507,111241,서울특별시 동작구 여의대방로22길 78(신대방2동 361-55)
508,111241,서울특별시 동작구 신대방동 395-69 아카데미 1층
509,111241,서울특별시 동작구 장승배기로 122
510,111201,서울시 마포구 월드컵로 139 (망원동)
511,111201,서울시 마포구 월드컵로 36길 18 삼라마이다스 101호
512,111201,"서울시  마포구 성암로3길 14,1층(중동)"
513,111201,서울특별시 마포구 망원동 431-43번지
514,111201,서울시 마포구 월드컵로 83 (망원동)
515,111201,서울시 마포구 망원로 95
516,111201,서울시 마포구 월드컵북로 381 (상암동) 111
517,111201,서울특별시 마포구 서교동 370-18번지
518,111201,서울특별시 마포구 서교동 459-1번지
519,111201,서울시 마포구 양화로 133
520,111201,서울특별시 마포구 노고산동 56-74번지
521,111201,서울특별시 마포구 합정동 395-1번지
522,111201,서울특별시 마포구 마포대로 195 상가4동
523,111201,서울특별시 마포구 염리동 155-11번지
524,111201,서울특별시 마포구 망원동 462-14번지
525,111201,서울특별시 마포구 합정동 412-8번지
526,111201,서울특별시 마포구 서교동 328-13번지
527,111201,서울특별시 마포구 상암동1687번지 상암프라자 1층 105호
528,111201,서울특별시 마포구 연남동256-6번지
529,111201,서울특별시 마포구 신공덕동12-6번지 2층 201호
530,111201,서울 마포구 도화 344
531,111201,서울 마포구 성산동 260-39
532,111201,"서울 마포구 상암동 1752상암월드컵파크9단지104,5호"
533,111201,서울 마포구 동교로17안길 51 (서교동 448-25)
534,111201,서울 마포구 연남동 257-23
535,111201,서울 마포구 월드컵북로6길 69(연남동 567-11)
536,111201,서울 마포구 동교동 154-1
537,111201,"서울 마포구 도화4길 88, 1층 (도화동 347-60)"
538,111201,"서울 마포구 양화로 59, 1층 우측면 (서교동 393-5)"
539,111201,"서울 마포구 상암산로1길 92, 상가 101호 (상암동 1660, 월드컵파크7단지)"
540,111201,"서울 마포구 포은로 42, 1층(합정동 434-8)"
541,111201,서울 마포구 성미산로 112(연남동 504-1)
542,111201,서울특별시 마포구 상암동(상암동) 482-250
543,111201,서울특별시 마포구 상암동(상암동) 487-332
544,111201,당인동 12-1
545,111201,노고산동 49-22
546,111201,서울특별시 마포구 서교동 381-13
547,111201,도화동 563 마포아크로타워 101
548,111201,연남동 252-1
549,111201,망원동431-55
550,111201,상암동 DMC부지내 A3블록 104
551,111201,서교동 351-9 승원빌딩 1층
552,111201,"서교동 401-10, 8"
553,111201,서교동 375-31
554,111201,서교동 394-67 삼양빌딩 1층
555,111201,서교동 394
556,111201,서교동 408-7 1층 코너
557,111191,독립문공원길 17 독립문극동아파트(현저동) 103동 옆 상가
558,111191,경기대로48(충정로2가 188-1)
559,111191,연희로 126(연희동)
560,111191,연희맛로 38(연희동)
561,111191,연희로5길 66(연희동)
562,111191,가좌로 31(연희동)
563,111191,통일로37길 18(홍제동)
564,111191,통일로39길 22(홍제동)
565,111191,홍제동451-18번지(홍제동)
566,111191,증가로 264(북가좌동)
567,111191,거북골로 223(북가좌동)
568,111191,거북골로 170(북가좌동)
569,111191,증가로12나길 101(북가좌2동)
570,111191,연세로11길 16(창천동)
571,111191,연세로9길 8(창천동)
572,111191,연세로4길 12(창천동)
573,111191,연대동문길 26(대신동)
574,111191,봉원사길6 화인빌딩 1층(대신동)
575,111191,이화여대길 52 이화여자대학교 ECC 지하 4층(대현동)
576,111191,이화여대길 7(대현동)
577,111191,이화여대3길 6(대현동)
578,111262,서울특별시 서초구 서초동 1679-5번지
579,111262,서초구 사평대로53길 27
580,111262,서초구 사평대로55길 94
581,111262,서초구 반포동717-11번지(주흥길 69)
582,111262,서울특별시 서초구 방배본동 763-1번지
583,111262,서울특별시 서초구 방배동1457번지
584,111262,서울특별시 서초구 우면동 721-1번지 우면프라자 104호
585,111262,서울특별시 서초구 양재동 254-5번지
586,111262,서울특별시 서초구 신원동214번지
587,111262,서울특별시 서초구 염곡동 106-7번지
588,111262,서울 서초구 서초동 1635-6 1층
589,111262,서울 서초구 효령로72길
590,111262,서울특별시 서초구 서초3동 1467-65
591,111262,서울 서초구 서초동 1568-5 1층
592,111262,서초구 서초대로73길 54 (서초4동 1309-1) 디오빌상가 110호
593,111262,"서울 서초구 신반포로 329, 1층 1,2호 (잠원동 40-9, 세기빌딩)"
594,111262,"서울 서초구 신반포로3길 7, E블록 2-1호 (반포동 817)"
595,111262,서초구 반포1동 718-9 (사평대로53길 103)
596,111262,서초구 사평대로55길 37
597,111262,서초구 사평대로53길 36(반포1동 734-22)
598,111262,서울 서초구 방배로 146 (방배동 898-6)
599,111262,서울 서초구 방배천로4길 48(방배2동 448-5)
600,111262,"서울 서초구 서초대로27길 57, 1층 102호 (방배동 850-3)"
601,111262,서울 서초구 우면동 한일프라자 104
602,111262,서울 서초구 논현로 5길 18 1층(쌍용빌딩)
603,111262,서울 서초구 양재대로11길 19 (양재동 221)
604,111262,서울특별시 서초구 서초2동 1327-1
605,111262,서초3동  1589-12오영빌딩1
606,111262,서초3동  1600-7 동양라디안
607,111262,서초3동 1454-3
608,111262,서초3동 1593-7
609,111262,신반포로43길 23-4
610,111262,반포1동 737
611,111262,반포2동 115-5
612,111262,잠원동(반포3동) 122-1 (반포한강공원 내)
613,111262,반포4동 58-7
614,111262,방배본동 2133
615,111262,방배2동 442-3
616,111262,방배2동 421-1
617,111262,방배2동 450-8
618,111262,방배2동 445-5
619,111262,방배3동  985-20
620,111262,방배3동 477-3
621,111262,방배3동 982-2
622,111262,양재1동 13-14
623,111262,양재1동 8-71
624,111262,양재2동 242-8
625,111262,사임당로17길 113(서초동 1668-12)
626,111262,서초동1344-29
627,111262,서초동 257-1
628,111262,서초대로77길 27 (서초동 1307-28)
629,111262,강남대로61길 25 (서초동 1316-1)
630,111262,신반포로 41
631,111262,사평대로55길 123(사평대로 57길 44)
632,111262,잠원동 76-7
633,111262,서래로6길 4 가나빌딩 1층(반포동)
634,111262,방배본동 727-3
635,111262,방배동 761-7
636,111262,방배2동 957-3
637,111262,서울특별시 서초구 양재2동 242-8
638,111262,서울특별시 서초구 염곡동 106-7번지
639,111142,마장동 768-1번지 안민빌딩 109호
640,111142,장터길 34
641,111142,도선동 14번지 신한넥스텔 102호
642,111142,도선동 148번지 외 2필지
643,111142,행당동 4-11번지
644,111142,금호1가동128-1번지
645,111142,성덕정길 128(성수2가1동 223-11)
646,111142,사근동 190-11
647,111142,"왕십리로 지하 374, 207-02호(하왕십리동, 상왕십리역)"
648,111142,"매봉길 13, 404호 (옥수동, GS25 옥수리버젠)"
649,111142,사근동길 10(행당1동 16-15)
650,111142,사근동길 42(사근동 301-3)
651,111142,"행당로6길 2, 1층101,102호  (금호동1가, 종합사회복지관상가동)"
652,111142,용답동(용답동) 152-9
653,111142,금호동3가(금호2.3가동) 1286
654,111142,도선동(왕십리도선동) 4-3
655,111142,성수동1가(성수1가2동) 13-104
656,111142,성수동2가(성수2가1동) 308-4
657,111142,성수동2가(성수2가3동) 289-1
658,111142,성수동2가(성수2가3동) 289-10
659,111142,성수동2가 228-1
660,111142,하왕십리동985-9
661,111142,행당동 4-27
662,111161,서울특별시 성북구 안암동5가 126-1번지
663,111161,서울특별시 성북구 하월곡동 73-21번지
664,111161,서울특별시 성북구 동선동1가 100번지
665,111161,서울 성북구 삼선교로 16길 48
666,111161,서울특별시 성북구 성북동 184-48번지
667,111161,서울특별시 성북구 동소문동6가 116번지
668,111161,서울특별시 성북구 정릉동 966-101번지
669,111161,서울특별시 성북구 종암동 34-6번지
670,111161,서울특별시 성북구 보문동2가75-15번지
671,111161,서울 성북구 종암동 31-46
672,111161,"서울 성북구 삼양로13길 45, 111,112호(길음동 1281-6, 길음뉴타운)"
673,111161,서울 성북구 길음동 1284 상가B동 19호
674,111161,서울 성북구 종암동 10-178 동진상가 107호
675,111161,서울 성북구 석관동 124-34
676,111161,"서울 성북구 보문로32길 69, 1층 (동선동2가 142-3)"
677,111161,서울 성북구 보문로34길 88 (동선동2가 154)
678,111161,"서울 성북구 보문로30가길 12, 1층 (안암동1가 47-2)"
679,111161,서울 성북구 정릉동 413-16
680,111161,서울 성북구 삼선동1가 266 1층
681,111161,"서울 성북구 화랑로13길 42, 101호"
682,111161,"서울 성북구 돌곶이로 46, 1층"
683,111161,"서울 성북구 돌곶이로8바길 39, 1층 (석관동 67-18)"
684,111161,"서울 성북구 화랑로33길 39, 1층(장위2동 66-9)"
685,111161,서울 성북구 삼선교로18나길 26(삼선동5가 73-3)
686,111161,서울 성북구 석관2동  341-16
687,111161,서울특별시 성북구 장위동(장위1동) 231-590
688,111161,서울특별시 성북구 장위동(장위1동) 238-122
689,111161,서울특별시 성북구 정릉동(정릉4동) 266-390
690,111161,서울특별시 성북구 안암동5가(안암동) 100-9
691,111161,보문동7가 23-27
692,111161,서울 성북구 삼선동4가 204-3
693,111161,서울 성북구 삼선동5가 409번지
694,111161,동선동3가212-1
695,111161,서울특별시 성북구 동선동3가 234번지 101호
696,111161,서울특별시 성북구 하월곡동 오패산로17길 40
697,111161,서울특별시 성북구 정릉로 326 1층(정릉동)
698,111161,서울 성북구 정릉동 45-39 1층
699,111161,서울시 성북구 동소문로 26가길 40 1층
700,111161,서울시 성북구 한천로 509 101-102호
701,111161,서울시 성북구 돈암동 535 돈암코오롱하늘채아파트 상가동 102호
702,111161,서울시 성북구 장위동(장위1동) 238-198
703,111161,서울시 성북구 정릉동(정릉3동) 372-7
704,111273,삼전동 22-20
705,111273,거여동348
706,111273,서울 송파구 동남로 18길 14
707,111273,서울특별시 송파구 문정동 121-7번지
708,111273,서울시 송파구 마천로 2
709,111273,서울특별시 송파구 오금동(오금동) 72-9
710,111273,서울특별시 송파구 잠실동 40번지 갤러리아팰리스 1동 109호
711,111273,서울특별시 송파구 잠실동(잠실본동) 337-3
712,111273,서울특별시 송파구 방이동162번지 왕천시티빌딩
713,111273,서울특별시 송파구 문정동191-6번지
714,111273,"서울 송파구 새말로 154, 1층 3,4호 (장지동 99-7, 아이원빌딩)"
715,111273,서울 송파구 방이동 107-3
716,111273,서울 송파구 위례성대로18길 28(방이1동 203-4)
717,111273,서울 송파구 백제고분로48길 38 (방이동 122-7)
718,111273,서울 송파구 삼전동 16 1층
719,111273,서울 송파구 삼전동 120 1층
720,111273,서울 송파구 삼전동 69-13번지 1층코너
721,111273,서울 송파구 석촌동 245-27번지 1층
722,111273,서울 송파구 송파동 17-10 1층
723,111273,서울 송파구 장지동 위례신도시A1-11BL상가102
724,111273,서울 송파구 장지동 위례신도시A1-8BL상가107호
725,111273,"서울 송파구 위례광장로 185, 상가동 103호 (장지동 878, 위례신도시 송파푸르지오)"
726,111273,"서울 송파구 동남로23길 29, 1층(오금동 58-10)"
727,111273,서울 송파구 거마로24길 5 (마천2동 47-7)
728,111273,서울 송파구 새말로8길 27(장지동 76-1)
729,111273,"서울 송파구 문정로4길 10-30, 1층(문정1동 61-7)"
730,111273,"서울 송파구 올림픽로 25(잠실2동 10-1, 잠실야구장)"
731,111273,서울 송파구 올림픽로 25(잠실2동 10)
732,111273,서울 송파구 송파대로36가길 1 (송파동 180-4)
733,111273,서울특별시 송파구 송파동(송파2동) 148-3
734,111273,서울특별시 송파구 방이동(방이2동) 112
735,111273,서울특별시 송파구 방이동(방이2동) 124-20
736,111273,서울특별시 송파구 방이동(방이2동) 49-5
737,111273,서울특별시 송파구 삼전동(삼전동) 46
738,111273,서울 송파구 가락동 160 성윤빌딩
739,111273,가락본동 57
740,111273,서울 송파구 가락2동 175-13호
741,111273,문정동 138
742,111273,서울 송파구 방이동 201 1층
743,111273,석촌동 285-4
744,111273,석촌동182
745,111273,방이동 70
746,111273,방이동 22-5
747,111273,삼전동179-5
748,111273,석촌동211-5 101호
749,111273,서울특별시 송파구 송파동 195-6 101호
750,111273,송파동 100-1
751,111273,서울특별시 송파구 잠실동 231-4
752,111273,송파동132-16
753,111273,서울 송파구 잠실동 203
754,111273,오금동 16893
755,111273,방이동 89
756,111273,잠실동 228-9
757,111273,잠실동 209-9
758,111273,서울 송파구 잠실동 245-16 103호
759,111273,장지동 장지택지개발지구 D-2 대진프라자 104호
760,111273,문정동 150
761,111273,서울 송파구 토성로 40
762,111273,서울 송파구 백제고분로7길 42-25 1층일부
763,111273,"서울특별시 송파구 송파대로 111 하비오길 중앙로 110동 113,114호(문정동)"
764,111273,서울특별시 송파구 문정로4길 10 1층 102호
765,111273,서울시 송파구 신천동(잠실4동) 20-4
766,111273,서울시 송파구 잠실동(잠실본동) 297-3
767,111301,서울시 양천구 목3동 641-1
768,111301,서울특별시 양천구 목동중앙남로5길 46
769,111301,서울특별시 양천구 신월동 94-9번지 효성
770,111301,서울특별시 양천구 신월동 514-17번지
771,111301,서울특별시 양천구 목동 911-1번지
772,111301,서울특별시 양천구 목동408-53번지
773,111301,서울특별시 양천구 목동961번지 하이페리온2차
774,111301,서울특별시 양천구 신정4동912-11번지
775,111301,"서울 양천구 목동중앙북로7가길 61, 106호(목3동 613-1, 목동 RICH SQUARE)"
776,111301,서울 양천구 목동 907-5 103
777,111301,서울 양천구 중앙로55길 28(신월2동 457-13)
778,111301,서울 양천구 중앙로54길 21(신정4동 932-9)
779,111301,서울특별시 양천구 신월동(신월4동) 530-7
780,111301,서울특별시 양천구 신정동(신정3동) 1032-10
781,111301,서울특별시 양천구 신정동(신정4동) 904-8
782,111301,서울 양천구 목동 목동동로 431 목동우방빌딩 104
783,111301,신정동 330
784,111301,신정동 신월로 321
785,111301,서울특별시 양천구 신정동 326 목동신시가지아파트상가 A동 112
786,111301,서울시 양천구 신월동 549-1
787,111231,서울특별시 영등포구 당산동6가 324-5번지
788,111231,서울시 영등포구 대림1동 868-15
789,111231,서울특별시 영등포구 문래동3가77-2번지 물래공원한신아파트
790,111231,서울특별시 영등포구 양평동5가 106-1번지
791,111231,서울특별시 영등포구 영등포동1가54번지
792,111231,서울특별시 영등포구 여의도동 44-5번지 솔로몬투자증권
793,111231,서울특별시 영등포구 여의도동 43-4번지 롯데캐슬아이비
794,111231,서울특별시 영등포구 여의도동41-2번지 대교상가 비-
795,111231,서울 영등포구 선유동1로 12-1(당산동2가 111)
796,111231,서울 영등포구 디지털로54가길 2(대림2동 1024-11)
797,111231,서울 영등포구 대림동 962-4 제3호
798,111231,대림로29길 43 (대림3동 808-26)
799,111231,서울 영등포구 대림3동 710
800,111231,서울 영등포구 여의도동 45-13외1필지포레스텔빌딩101
801,111231,서울 영등포구 문래동3가 55-5
802,111231,서울 영등포구 도림로 441-1 (문래동2가 15-1)
803,111231,"서울 영등포구 경인로 775, 112호 (문래동3가 55-20, 에이스하이테크시티)"
804,111231,서울 영등포구 문래동6가 8임광그대가1층상가123호
805,111231,서울 영등포구 경인로114가길 4 (영등포동1가 79-1)
806,111231,서울 영등포구 신길로 36(신길6동 4677)
807,111231,"서울 영등포구 양산로7길 3, 105호 (양평동3가 17-1, 우림보보카운티오피스텔)"
808,111231,서울 영등포구 양평동4가 161-6
809,111231,서울 영등포구 양화동 32-2번지
810,111231,서울 영등포구 양화동 100-2번지
811,111231,서울 영등포구 여의도동 61-5리버타워102
812,111231,서울 영등포구 영등포동8가 48-1 1층
813,111231,서울 영등포구 영등포동7가 69-9
814,111231,서울 영등포구 도림동 226-1 도림빌딩 101
815,111231,서울 영등포구 영등포동4가 65-3번지
816,111231,대림로29길 24(대림3동)
817,111231,도신로60길 2(신길1동)
818,111231,도림로 322(신길3동)
819,111231,국제금융로2길 7(여의도동)
820,111231,여의도동(여의동) 86-5
821,111231,여의동로 343
822,111231,여의공원로 119(여의도동)
823,111231,여의도동(여의동) 83-6
824,111231,서울시 영등포구 당산동6가 306-1 그린빌 101호
825,111231,서울시 영등포구 신길도 1300 정오빌딩 1층 9호
826,111131,서울특별시 용산구 청파동3가 135-9번지
827,111131,서울특별시 용산구 한강로2가 93-4번지 108호
828,111131,서울특별시 용산구 보광동 22-1번지
829,111131,서울특별시 용산구 신창동 59-4번지
830,111131,서울특별시 용산구 원효로4가 117-8번지
831,111131,서울특별시 용산구 삼개로 60
832,111131,서울특별시 용산구 한강로2가 2-11번지 한강로대우아이빌
833,111131,서울 용산구 이태원로 54길 11
834,111131,서울특별시 용산구 한남동 795-2번지 102호
835,111131,서울특별시 용산구 용산동2가 39-16번지
836,111131,서울특별시 용산구 원효로3가 56-4번지
837,111131,서울특별시 용산구 원효로2가 1-55번지
838,111131,서울특별시 용산구 이태원동 368-4번지
839,111131,서울특별시 용산구 이태원동 20-5번지
840,111131,서울특별시 용산구 한강로2가 2-8번지 벽산메가트리움 104동 201호
841,111131,서울특별시 용산구 이촌동300-23번지 한강맨숀
842,111131,"서울 용산구 장문로45길 73, 1층(보광동 264-52)"
843,111131,서울 용산구 갈월동 53-19그린빌파크101-B
844,111131,서울 용산구 이촌로72길 62 (이촌동 302-17)
845,111131,서울 용산구 이촌동 362-1번지
846,111131,청파로395
847,111131,한강로3가(한강로동) 63-389
848,111131,원효로2가(원효로1동) 80-19
849,111131,"이촌로 303 현대A 제21동 제104호-나호, 제105호-가호"
850,111131,"산천동 77-4, 78-1, 79"
851,111131,서계동237-7
852,111131,한강로3가40-999 IPark Mall 3층 980호
853,111131,문배동 24-21 용산아크로타워 103
854,111131,후암동105-64
855,111131,한남동 28-11
856,111131,서울 용산구 청파로73길 7 1층
857,111131,서울 용산구 보광동 238-1
858,111131,서울 용산구 이촌로14길 11-6 101호
859,111131,서울 용산구 청파동2가 청파로 47나길 35
860,111181,서울특별시 은평구 서오릉로 20길 20-1
861,111181,서울특별시 은평구 진관동29번지 은평뉴타운구파발 상가 구파발 1028동 102호
862,111181,서울특별시 은평구 불광동268-3번지 1층
863,111181,서울특별시 은평구 응암동732-9번지 응암동  상가 1층
864,111181,서울특별시 은평구 갈현동463-18번지 건물 코너 1층
865,111181,"서울 은평구 서오릉로17길 17, 1층 (구산동 368-55)"
866,111181,서울 은평구 녹번동 117-61
867,111181,"서울 은평구 통일로 750 (불광1동 267-1, 경일빌딩)"
868,111181,"서울 은평구 진흥로1길 49, 1층(역촌동 23-1)"
869,111181,"서울 은평구 연서로26길 11, 1층 (대조동 196-25, 유진빌딩)"
870,111181,"서울 은평구 연서로21길 24-1, 1층(갈현2동 486-22)"
871,111181,"서울 은평구 연서로27길 14, 1층 (갈현2동 454-27, 영화빌딩)"
872,111181,서울 은평구 역촌동 85-41 리더스파크 109호
873,111181,"서울 은평구 불광동 1-200 북한산래미안 상가동 지층 1,2호"
874,111181,"서울 은평구 연서로 289, 1층"
875,111181,"서울 은평구 연서로 274, 1층"
876,111181,"서울 은평구 연서로28길 6, 1층(대조동 198-3)"
877,111181,서울 은평구 통일로85길 6
878,111181,"서울 은평구 갈현로4길 26, 1층"
879,111181,서울 은평구 진관3로 15-35
880,111181,"서울 은평구 진관2로 77, 206동 B108호"
881,111181,"서울 은평구 은평터널로7길 2, 상가 지하 2호"
882,111181,"서울 은평구 갈현로25길 14, 1층 101호"
883,111181,"서울 은평구 통일로 796, 116, 117호"
884,111181,"서울 은평구 진관4로 37, 101호"
885,111181,서울특별시 은평구 대조동(대조동) 196-8
886,111181,서울특별시 은평구 통일로78길 12-4  (불광동)
887,111181,서울 은평구 불광동 301-23
888,111181,서울 은평구 신사동 12-15
889,111181,서울특별시 은평구 응암동 745-16 정훈빌딩 1층
890,111181,서울시 은평구 불광동 312-129
891,111181,서울시 은평구 연서로9길14(구산동)
892,111181,서울시 은평구 응암동 579-7
893,111123,서울특별시 종로구 신문로1가 1-1번지
894,111123,서울특별시 종로구 내자동 61-1번지
895,111123,서울특별시 종로구 혜화동 93번지
896,111123,서울특별시 종로구 창신동 464-16번지
897,111123,서울특별시 종로구 동숭동 28번지
898,111123,서울특별시 종로구 연건동 78-2번지
899,111123,서울특별시 종로구 명륜4가 187번지
900,111123,"서울 종로구 율곡로271,(종로6가) 1층"
901,111123,서울특별시 종로구 삼청동 22번지
902,111123,서울특별시 종로구 신교동 36번지 수만빌리지
903,111123,서울특별시 종로구 종로31길 54 아르젠오피스텔 101호
904,111123,서울특별시 종로구 관철동 14-10번지
905,111123,서울특별시 종로구 필운동41번지
906,111123,서울특별시 종로구 와룡동25번지
907,111123,서울특별시 종로구 인사동255-5번지  1호 1층 103호
908,111123,서울특별시 종로구 원서동45번지
909,111123,서울특별시 종로구 평창동97-9번지
910,111123,서울특별시 종로구 행촌동210-113번지
911,111123,서울 종로구 홍지동 94-2 1층
912,111123,서울 종로구 필운대로 39(누하동 57-2)
913,111123,"서울 종로구 난계로 259, 101호 (숭인동 1367, 경일오피스텔)"
914,111123,서울 종로구 도렴동 110-1번지 103호
915,111123,서울특별시 종로구 계동(가회동) 115-1
916,111123,서울특별시 종로구 종로2가(종로1.2.3.4가동) 44
917,111123,서울특별시 종로구 종로6가(종로5.6가동) 238-6
918,111123,서울특별시 종로구 종로6가(종로5.6가동) 247-1
919,111123,서울특별시 종로구 창신동(창신1동) 154-1
920,111123,서울특별시 종로구 충신동(종로5.6가동) 52-2
921,111123,명륜동2가 135
922,111123,서울 종로구 필운동 163
923,111123,인사동 131-101
924,111123,혜화동 111-7
925,111123,서울시 종로구 평창동 343-1
926,111123,서울시 종로구 동숭길 143 1층 101호
927,111123,서울시 종로구 숭인동(숭인2동) 178-142
928,111121,남대문로5가 84-6번지
929,111121,남대문로3가 85번지
930,111121,서울특별시 중구 회현동3가 1-9번지
931,111121,서울특별시 중구 순화동 1-104번지
932,111121,서울 중구 서애로21 1층
933,111121,서울특별시 중구 회현동1가 190번지
934,111121,서울특별시 중구 흥인동 156번지
935,111121,서울특별시 중구 신당동 336-3번지
936,111121,서울특별시 중구 신당동 387-3번지
937,111121,서울 중구 북창동 98
938,111121,서울 중구 신당동 843 삼성@ 2동B 101호
939,111121,서울특별시 중구 서소문동(소공동) 21-1
940,111121,서울특별시 중구 남산동2가(명동) 27-1
941,111121,서울특별시 중구 신당동(약수동) 348-152
942,111121,서울특별시 중구 신당동(약수동) 368-67
943,111121,서울특별시 중구 충무로5가(필동) 85-4
944,111121,남대문로5가6-23 24번지
945,111121,남대문로5가 21-1번지 신남문 빌딩
946,111121,회현동2가87 B-102호
947,111121,서울시 중구 장충동2가 193-239
948,111121,을지로2가 195-3번지 한양빌딩 103호
949,111121,명동2가2-17
950,111121,충무로1가소공로 66 101호
951,111121,서소문동 57-7 대건빌당 101
952,111121,충무로2가62-10 청방빌딩 1층
953,111121,초동16-9
954,111121,서울특별시 중구 명동2가 남대문로 68  1층2층
955,111121,충무로4가 132-3
956,111121,"서울 중구 남대문로 7 (남대문로4가 17-10, 흥국생명남대문2호별관1층)"
957,111121,"서울 중구 동호로17길 295, 1층 일부 (신당동 366-440)"
958,111121,"서울 중구 청계천로 318, 가동 1층 53호 (신당동 217-92, 동평화의류상가)"
959,111121,서울특별시 중구 신당동347-332번지
960,111121,서울 중구 무교동 21-3(정오빌딩)
961,111121,서울 중구 중림동 244 충정로 삼성APT 상가 103
962,111121,서울 중구 예장동 8-35
963,111121,서울 중구 황학동 마장로 89
964,111121,서울 중구 광희동2가 퇴계로 330-1
965,111151,서울특별시 중랑구 면목동 409-47번지
966,111151,서울특별시 중랑구 면목동 104-14번지
967,111151,서울시 중랑구 상봉2동 79-2번지
968,111151,서울특별시 중랑구 망우동135-4번지 대원빌라
969,111151,서울특별시 중랑구 묵동172-26번지 영광주택 101호
970,111151,"서울특별시 중랑구 망우로 504, 1층"
971,111151,서울특별시 중랑구 망우로68길 56(망우동)
972,111151,서울 중랑구 용마산로112길 37 (망우본동 366-4)
973,111151,"서울 중랑구 용마산로99길 9, 1층 코너(망우3동 531-24)"
974,111151,서울 중랑구 묵1동 176-1
975,111151,"서울 중랑구 면목로56길 30(면목3.8동 428-4, 햇님놀이방)"
976,111151,서울 중랑구 용마산로94길 31 (면목3.8동 46-12)
977,111151,서울 중랑구 용마산로 308(면목7동 527-35)
978,111151,서울 중랑구 면목동 178-30
979,111151,"서울 중랑구 신내동 646 금강리빙스텔 104,105호"
980,111151,서울 중랑구 면목동 497-16
981,111151,"서울 중랑구 신내로7가길 35, 상가동 104,105호 (상봉1동 495, 동부건영아파트)"
982,111151,서울 중랑구 봉화산로56길 60(신내1동 410-9)
983,111151,서울특별시 중랑구 망우로 312-1
984,111151,"서울 중랑구 용마산로 248, 제B02호,제B03호(면목7동 1502-2)"
985,111151,"서울 중랑구 면목로69길 16, 101동 103호"
986,111151,"서울 중랑구 동일로136길 10, 102~4호(중화1동 286-22, 청원다미소)"
987,111151,"서울 중랑구 망우로30길 3,  1층 110호(상봉2동 130-3, 뉴월드극장상가)"
988,111151,서울특별시 중랑구 망우동(망우본동) 341-22
989,111151,서울특별시 중랑구 망우동(망우본동) 403-60
990,111151,서울특별시 중랑구 상봉동(상봉2동) 88-25
991,111151,서울특별시 중랑구 신내동(신내1동) 613-71
992,111151,서울 중랑구 망우동 183 1층
993,111151,서울 중랑구 망우동 340-22
994,111151,서울특별시 중랑구 면목동 618-1
995,111151,서울특별시 중랑구 면목동 185-9 1층
996,111151,서울특별시 중랑구 겸재로3길 5  1층(면목동)
997,111151,서울특별시 중랑구 망우로50길 25  (상봉동)
